question,correct_source
What is cybersecurity?,410MD1C1DD4C43C9C49ED9033D64902636D9C.pdf
What is cyber resilience?,410MD1C1DD4C43C9C49ED9033D64902636D9C.pdf
What is a cyber incident?,410MD1C1DD4C43C9C49ED9033D64902636D9C.pdf
What is a cyber attack?,410MD1C1DD4C43C9C49ED9033D64902636D9C.pdf
What is a cyber threat?,410MD1C1DD4C43C9C49ED9033D64902636D9C.pdf
What responsibilities does the Board have for cybersecurity?,410MD1C1DD4C43C9C49ED9033D64902636D9C.pdf
How often should cybersecurity policies be reviewed by the Board?,410MD1C1DD4C43C9C49ED9033D64902636D9C.pdf
What is the role of the IT Strategy Committee?,410MD1C1DD4C43C9C49ED9033D64902636D9C.pdf
What are the focus areas of IT Governance?,410MD1C1DD4C43C9C49ED9033D64902636D9C.pdf
What is an Information Security Policy?,410MD1C1DD4C43C9C49ED9033D64902636D9C.pdf
What is a Cybersecurity Policy?,410MD1C1DD4C43C9C49ED9033D64902636D9C.pdf
How often should the IT Strategy Committee meet?,410MD1C1DD4C43C9C49ED9033D64902636D9C.pdf
What is a Cyber Crisis Management Plan?,410MD1C1DD4C43C9C49ED9033D64902636D9C.pdf
What are the four aspects of a Cyber Crisis Management Plan?,410MD1C1DD4C43C9C49ED9033D64902636D9C.pdf
What types of cyber attacks should banks prepare for?,410MD1C1DD4C43C9C49ED9033D64902636D9C.pdf
What are RPO and RTO?,410MD1C1DD4C43C9C49ED9033D64902636D9C.pdf
How often should critical information systems undergo DR drills?,410MD1C1DD4C43C9C49ED9033D64902636D9C.pdf
What cybersecurity training is required for new recruits?,428MD47757204F5E54CE99FB1E19E8C458655.pdf
Within how many hours must cyber incidents be reported?,410MD1C1DD4C43C9C49ED9033D64902636D9C.pdf
What cybersecurity metrics should banks maintain?,410MD1C1DD4C43C9C49ED9033D64902636D9C.pdf
What is risk-based transaction monitoring?,410MD1C1DD4C43C9C49ED9033D64902636D9C.pdf
What forensic support should banks maintain?,410MD1C1DD4C43C9C49ED9033D64902636D9C.pdf
What is a Cyber Security Operations Centre?,410MD1C1DD4C43C9C49ED9033D64902636D9C.pdf
What should a CSOC monitor?,410MD1C1DD4C43C9C49ED9033D64902636D9C.pdf
What is SIEM used for in a CSOC?,410MD1C1DD4C43C9C49ED9033D64902636D9C.pdf
What cybersecurity training is required for Board members?,428MD47757204F5E54CE99FB1E19E8C458655.pdf
What should banks do when customers report phishing emails or phishing sites?,428MD47757204F5E54CE99FB1E19E8C458655.pdf
What should customers be told about phishing and authentication information?,428MD47757204F5E54CE99FB1E19E8C458655.pdf
What are the requirements for third-party cybersecurity arrangements?,428MD47757204F5E54CE99FB1E19E8C458655.pdf
What is device binding?,462MD7323FF342D124FAF9BC3B3F7E4F837A5.pdf